{"services":[{"serviceType":"Report","description":"Upload data","commands":[{"commandName":"ctrl","paras":[{"paraName":"messageId","dataType":"int","required":true,"min":"0","max":"255","step":0.0,"maxLength":0,"unit":null,"enumList":null},{"paraName":"did","dataType":"int","required":true,"min":"-2147483648","max":"2147483647","step":0.0,"maxLength":0,"unit":null,"enumList":null},{"paraName":"sid","dataType":"int","required":true,"min":"0","max":"255","step":0.0,"maxLength":0,"unit":null,"enumList":null},{"paraName":"num","dataType":"int","required":true,"min":"0","max":"65535","step":0.0,"maxLength":0,"unit":null,"enumList":null},{"paraName":"nid","dataType":"int","required":true,"min":"-2147483648","max":"2147483647","step":0.0,"maxLength":0,"unit":null,"enumList":null},{"paraName":"inf","dataType":"int","required":true,"min":"0","max":"255","step":0.0,"maxLength":0,"unit":null,"enumList":null}],"responses":null},{"commandName":"ack","paras":[{"paraName":"messageId","dataType":"int","required":true,"min":"0","max":"255","step":0.0,"maxLength":0,"unit":null,"enumList":null},{"paraName":"did","dataType":"int","required":true,"min":"-2147483648","max":"2147483647","step":0.0,"maxLength":0,"unit":null,"enumList":null},{"paraName":"sid","dataType":"int","required":true,"min":"0","max":"255","step":0.0,"maxLength":0,"unit":null,"enumList":null},{"paraName":"num","dataType":"int","required":true,"min":"0","max":"65535","step":0.0,"maxLength":0,"unit":null,"enumList":null},{"paraName":"zon","dataType":"int","required":true,"min":"0","max":"65535","step":0.0,"maxLength":0,"unit":null,"enumList":null},{"paraName":"mod","dataType":"int","required":true,"min":"0","max":"255","step":0.0,"maxLength":0,"unit":null,"enumList":null}],"responses":null}],"properties":[{"propertyName":"act","dataType":"string","required":true,"min":"1","max":"2147483646","step":0.0,"maxLength":10,"method":"R","unit":"null","enumList":null},{"propertyName":"did","dataType":"int","required":true,"min":"-2147483648","max":"2147483647","step":0.0,"maxLength":0,"method":"R","unit":null,"enumList":null},{"propertyName":"sub","dataType":"int","required":true,"min":"0","max":"255","step":0.0,"maxLength":0,"method":"RE","unit":null,"enumList":null},{"propertyName":"sid","dataType":"int","required":true,"min":"0","max":"255","step":0.0,"maxLength":0,"method":"RE","unit":null,"enumList":null},{"propertyName":"typ","dataType":"int","required":true,"min":"0","max":"255","step":0.0,"maxLength":0,"method":"R","unit":null,"enumList":null},{"propertyName":"att","dataType":"int","required":true,"min":"0","max":"255","step":0.0,"maxLength":0,"method":"R","unit":null,"enumList":null},{"propertyName":"seq","dataType":"int","required":true,"min":"0","max":"65535","step":0.0,"maxLength":0,"method":"RE","unit":null,"enumList":null},{"propertyName":"num","dataType":"int","required":true,"min":"0","max":"65535","step":0.0,"maxLength":0,"method":"RE","unit":null,"enumList":null},{"propertyName":"nid","dataType":"int","required":true,"min":"-2147483648","max":"2147483647","step":0.0,"maxLength":0,"method":"R","unit":null,"enumList":null},{"propertyName":"sta","dataType":"int","required":true,"min":"0","max":"255","step":0.0,"maxLength":0,"method":"RE","unit":null,"enumList":null},{"propertyName":"zon","dataType":"int","required":true,"min":"0","max":"65535","step":0.0,"maxLength":0,"method":"RE","unit":null,"enumList":null},{"propertyName":"mod","dataType":"int","required":true,"min":"0","max":"255","step":0.0,"maxLength":0,"method":"RE","unit":null,"enumList":null},{"propertyName":"cmmd","dataType":"int","required":true,"min":"0","max":"255","step":0.0,"maxLength":0,"method":"RE","unit":null,"enumList":null},{"propertyName":"val","dataType":"int","required":true,"min":"-2147483648","max":"2147483647","step":0.0,"maxLength":0,"method":"RE","unit":null,"enumList":null},{"propertyName":"csq","dataType":"int","required":true,"min":"0","max":"255","step":0.0,"maxLength":0,"method":"R","unit":null,"enumList":null},{"propertyName":"net","dataType":"int","required":true,"min":"0","max":"255","step":0.0,"maxLength":0,"method":"RE","unit":null,"enumList":null},{"propertyName":"ver","dataType":"int","required":true,"min":"0","max":"255","step":0.0,"maxLength":0,"method":"RE","unit":null,"enumList":null},{"propertyName":"ack","dataType":"int","required":true,"min":"0","max":"255","step":0.0,"maxLength":0,"method":"RE","unit":null,"enumList":null}],"events":[]}]}